[
{
    "model": "core.directivearticle",
    "pk": 1,
    "fields": {
        "number": 1,
        "description": "Freedom of movement for workers in the EU is a fundamental principle. Workers have the right to live and work in any EU country they choose with their spouse and young children. But this directive defines the word \u201cworkers\u201d in this context. That workers have the right to move freely in and between Member States means that:",
        "short_description": "Freedom of movement"
    }
},
{
    "model": "core.directivearticle",
    "pk": 2,
    "fields": {
        "number": 2,
        "description": "Increasing economic growth is one of the main purposes of the Single Market. It promotes economic growth if companies can hire those who can do the best job for the money without restrictions. This directive states that a company is free to hire employees from other Member States if:",
        "short_description": "Economic growth"
    }
},
{
    "model": "core.directivearticle",
    "pk": 3,
    "fields": {
        "number": 3,
        "description": "Social dumping should be avoided, so that workers in EU do not have to fear that wages and working conditions are undermined by workers from other EU countries with lower standards. This directive therefore states that employers are able to hire workers from other EU countries, if:",
        "short_description": "Against social dumping"
    }
},
{
    "model": "core.directivearticle",
    "pk": 4,
    "fields": {
        "number": 4,
        "description": "Workers who move between countries are typically more vulnerable than a country\u2019s own workers, and are in need of special rights and services. Therefore this directive stresses that workers:",
        "short_description": "Workers who move between EU-countries"
    }
},
{
    "model": "core.directivearticle",
    "pk": 5,
    "fields": {
        "number": 5,
        "description": "Workers in the EU have the right to join a trade union that makes collective agreements with their employers and speaks on their behalf. This directive protects the rights of trade unions through the following principles:",
        "short_description": "The rights of trade unions"
    }
},
{
    "model": "core.directivearticle",
    "pk": 6,
    "fields": {
        "number": 6,
        "description": "This directive should be implemented effectively in practice in all Member States. Therefore, it is established that:",
        "short_description": "Effective implementation"
    }
},
{
    "model": "core.directivearticle",
    "pk": 7,
    "fields": {
        "number": 7,
        "description": "Based on the desire to protect the self determination of the Member States, it is established that:",
        "short_description": "National self determination"
    }
},
{
    "model": "core.directivearticle",
    "pk": 8,
    "fields": {
        "number": 8,
        "description": "On the basis of the desire for a speedy determination of the common rules, this directive will enter into force:",
        "short_description": "Speedy determination of shared rules"
    }
},
{
    "model": "core.directiveitem",
    "pk": 1,
    "fields": {
        "text": "Any citizen in the EU can move to another EU country when they have an employment contract lasting at least six months",
        "number": 1,
        "article": 1
    }
},
{
    "model": "core.directiveitem",
    "pk": 2,
    "fields": {
        "text": "Any citizen in the EU can move to another EU country when they have an employment contract of any duration",
        "number": 2,
        "article": 1
    }
},
{
    "model": "core.directiveitem",
    "pk": 3,
    "fields": {
        "text": "Any legal resident in the EU can move to another EU country when they have an employment contract of any duration",
        "number": 3,
        "article": 1
    }
},
{
    "model": "core.directiveitem",
    "pk": 4,
    "fields": {
        "text": "Any legal resident in the EU can move to another EU country with or without an employment contract, if he or she are able support his/her own household",
        "number": 4,
        "article": 1
    }
},
{
    "model": "core.directiveitem",
    "pk": 5,
    "fields": {
        "text": "Any legal resident in the EU can move to another EU country with or without an employment contract and with no additional restrictions",
        "number": 5,
        "article": 1
    }
},
{
    "model": "core.directiveitem",
    "pk": 6,
    "fields": {
        "text": "The terms of employment (like vacation days or wages) are based on collective agreement with trade unions of the working country",
        "number": 1,
        "article": 2
    }
},
{
    "model": "core.directiveitem",
    "pk": 7,
    "fields": {
        "text": "The terms of employment (like vacation days or wages) cannot fall below the average of the working country for the occupation in question",
        "number": 2,
        "article": 2
    }
},
{
    "model": "core.directiveitem",
    "pk": 8,
    "fields": {
        "text": "The salary is 25 % higher than the poverty line in the working country, and terms of employment (like vacation days or wages) follow the minimum standards of the EU, cf. this directive",
        "number": 3,
        "article": 2
    }
},
{
    "model": "core.directiveitem",
    "pk": 9,
    "fields": {
        "text": "The terms of employment (like vacation days or wages) follow the minimum standards of the EU, cf. this directive, regardless of the normal standards of the working country",
        "number": 4,
        "article": 2
    }
},
{
    "model": "core.directiveitem",
    "pk": 10,
    "fields": {
        "text": "The working conditions are in accordance with the European human rights",
        "number": 5,
        "article": 2
    }
},
{
    "model": "core.directiveitem",
    "pk": 11,
    "fields": {
        "text": "They guarantee the same workplace protections as citizens of the working country have",
        "number": 1,
        "article": 3
    }
},
{
    "model": "core.directiveitem",
    "pk": 12,
    "fields": {
        "text": "They guarantee the same workplace protections and minimum pay as citizens of the working country have",
        "number": 2,
        "article": 3
    }
},
{
    "model": "core.directiveitem",
    "pk": 13,
    "fields": {
        "text": "They guarantee the same workplace protections, minimum pay and workers\u2019 compensation in case of sickness or accidents as citizens of the working country have",
        "number": 3,
        "article": 3
    }
},
{
    "model": "core.directiveitem",
    "pk": 14,
    "fields": {
        "text": "They guarantee the same workplace protections, minimum pay and workers\u2019 compensation in case of sickness or accidents as citizens of the working country have, and as long as foreign workers\u2019 working week isn\u2019t longer than that of citizens\u2019 on average",
        "number": 4,
        "article": 3
    }
},
{
    "model": "core.directiveitem",
    "pk": 15,
    "fields": {
        "text": "They guarantee the same workplace protections, minimum pay and workers\u2019 compensation in case of sickness or accidents as citizens of the working country have, as long as foreign workers\u2019 working week isn\u2019t longer than that of citizens\u2019 on average, and as long as they obtain one extra week of paid vacation per year to be able to visit their families",
        "number": 5,
        "article": 3
    }
},
{
    "model": "core.directiveitem",
    "pk": 16,
    "fields": {
        "text": "Can take up work and residence on terms that are in accordance with the European human rights",
        "number": 1,
        "article": 4
    }
},
{
    "model": "core.directiveitem",
    "pk": 17,
    "fields": {
        "text": "Can take up work and residence on the minimum terms of the working country",
        "number": 2,
        "article": 4
    }
},
{
    "model": "core.directiveitem",
    "pk": 18,
    "fields": {
        "text": "Can take up work and residence on the minimum terms of the working country, and be entitled to public welfare services (including unemployment insurance and pension) on the same terms as natives after 5 years",
        "number": 3,
        "article": 4
    }
},
{
    "model": "core.directiveitem",
    "pk": 19,
    "fields": {
        "text": "Can take up work and residence on the minimum terms of the working country, and be entitled to public welfare services (including unemployment insurance and pension) from the first year",
        "number": 4,
        "article": 4
    }
},
{
    "model": "core.directiveitem",
    "pk": 20,
    "fields": {
        "text": "Member States must make a yearly payment of 2 % of the worker's salary to an individual fund for continued education, which the worker is able to take with them across the EU.",
        "number": 5,
        "article": 4
    }
},
{
    "model": "core.directiveitem",
    "pk": 21,
    "fields": {
        "text": "Trade unions have the right to visit workplaces that employ workers from other EU countries and speak to the employees.",
        "number": 1,
        "article": 5
    }
},
{
    "model": "core.directiveitem",
    "pk": 22,
    "fields": {
        "text": "Trade unions have the right to visit companies that employ workers from other EU countries and have access to all information about their pay and working conditions.",
        "number": 2,
        "article": 5
    }
},
{
    "model": "core.directiveitem",
    "pk": 23,
    "fields": {
        "text": "Trade unions have the right to visit companies that employ workers from other EU countries, have access to all information about their pay and working conditions and to negotiate on their behalf (unless the workers themselves decline).",
        "number": 3,
        "article": 5
    }
},
{
    "model": "core.directiveitem",
    "pk": 24,
    "fields": {
        "text": "Trade unions have the right to visit companies that employ workers from other EU countries, have access to all information about their pay and working conditions, to negotiate on their behalf (unless the workers themselves decline), and to  initiate appropriate action (including strikes and blockades) against employers that refuse to sign a collective agreement.",
        "number": 4,
        "article": 5
    }
},
{
    "model": "core.directiveitem",
    "pk": 25,
    "fields": {
        "text": "Trade unions have the right to visit companies that employ workers from other EU countries, have access to all information about their pay and working conditions, to negotiate on their behalf (unless the workers themselves decline), and to  initiate appropriate action (including strikes and blockades) against employers that refuse to sign a collective agreement. This includes the right to veto takeovers of companies if they refuse to sign a collective agreement.",
        "number": 5,
        "article": 5
    }
},
{
    "model": "core.directiveitem",
    "pk": 26,
    "fields": {
        "text": "Member States must make sure that the directive is followed in practice.",
        "number": 1,
        "article": 6
    }
},
{
    "model": "core.directiveitem",
    "pk": 27,
    "fields": {
        "text": "Member States must make sure that the directive is followed in practice, and they must inspect workplaces with more than 50 employees on a regular basis.",
        "number": 2,
        "article": 6
    }
},
{
    "model": "core.directiveitem",
    "pk": 28,
    "fields": {
        "text": "Member States must make sure that the directive is followed in practice, and they must inspect workplaces with more than 20 employees on a regular basis.",
        "number": 3,
        "article": 6
    }
},
{
    "model": "core.directiveitem",
    "pk": 29,
    "fields": {
        "text": "Member States must make sure that the directive is followed in practice, and they must inspect workplaces with more than 20 employees or with a substantial amount of foreign employees on a regular basis and they must document to the Commission that the number of offenses is low and not increasing.",
        "number": 4,
        "article": 6
    }
},
{
    "model": "core.directiveitem",
    "pk": 30,
    "fields": {
        "text": "Member States must make sure that the directive is followed in practice, and they must inspect workplaces with more than 20 employees or with a substantial amount of foreign employees on a regular basis and they must document to the Commission that the number of offenses is low and not increasing. If the documentation or results are not satisfying, the Commission can decide to take over the inspections.",
        "number": 5,
        "article": 6
    }
},
{
    "model": "core.directiveitem",
    "pk": 31,
    "fields": {
        "text": "Member States are able to temporarily exempt certain areas of the labour market from this directive if the Commission agrees that it is vital for national security.",
        "number": 1,
        "article": 7
    }
},
{
    "model": "core.directiveitem",
    "pk": 32,
    "fields": {
        "text": "Member States are able to exempt certain areas of the labour market indefinitely from this directive if the Commission agrees that it is vital for national security.",
        "number": 2,
        "article": 7
    }
},
{
    "model": "core.directiveitem",
    "pk": 33,
    "fields": {
        "text": "Member States are able to exempt certain areas of the labour market indefinitely from this directive if it considers it vital for national security.",
        "number": 3,
        "article": 7
    }
},
{
    "model": "core.directiveitem",
    "pk": 34,
    "fields": {
        "text": "Member States are able to exempt certain areas of the labour market indefinitely from this directive if it considers it vital for national security or for its economic interests.",
        "number": 4,
        "article": 7
    }
},
{
    "model": "core.directiveitem",
    "pk": 35,
    "fields": {
        "text": "Member States are able to exempt certain areas of the labour market and certain EU countries\u2019 citizens indefinitely from this directive if it considers it vital for national security or for its economic interests.",
        "number": 5,
        "article": 7
    }
},
{
    "model": "core.directiveitem",
    "pk": 36,
    "fields": {
        "text": "Within 2,5 years",
        "number": 1,
        "article": 8
    }
},
{
    "model": "core.directiveitem",
    "pk": 37,
    "fields": {
        "text": "Within 2 years",
        "number": 2,
        "article": 8
    }
},
{
    "model": "core.directiveitem",
    "pk": 38,
    "fields": {
        "text": "Within 1,5 years",
        "number": 3,
        "article": 8
    }
},
{
    "model": "core.directiveitem",
    "pk": 39,
    "fields": {
        "text": "Within 1 years",
        "number": 4,
        "article": 8
    }
},
{
    "model": "core.directiveitem",
    "pk": 40,
    "fields": {
        "text": "Within 6 months",
        "number": 5,
        "article": 8
    }
},
{
    "model": "events.baseevent",
    "pk": 1,
    "fields": {
        "name": "First meeting in team",
        "player_description": "",
        "facilitator_description": "",
        "offset": 15,
        "duration": 30,
        "display_in_calendar": true,
        "_display_time": "2021-12-09T08:15:00Z"
    }
},
{
    "model": "events.baseevent",
    "pk": 2,
    "fields": {
        "name": "IP deadline",
        "player_description": null,
        "facilitator_description": null,
        "offset": 45,
        "duration": 0,
        "display_in_calendar": true,
        "_display_time": "2021-12-09T08:45:00Z"
    }
},
{
    "model": "events.baseevent",
    "pk": 3,
    "fields": {
        "name": "Deadline after 90 minutes for technical",
        "player_description": null,
        "facilitator_description": null,
        "offset": 90,
        "duration": 0,
        "display_in_calendar": false,
        "_display_time": "2021-12-09T09:30:00Z"
    }
},
{
    "model": "events.baseevent",
    "pk": 4,
    "fields": {
        "name": "Technical meeting in the Commission",
        "player_description": null,
        "facilitator_description": null,
        "offset": 45,
        "duration": 30,
        "display_in_calendar": true,
        "_display_time": "2021-12-09T08:45:00Z"
    }
},
{
    "model": "events.baseevent",
    "pk": 5,
    "fields": {
        "name": "Meeting in the Council of Ministers",
        "player_description": null,
        "facilitator_description": null,
        "offset": 120,
        "duration": 15,
        "display_in_calendar": true,
        "_display_time": "2021-12-09T10:00:00Z"
    }
},
{
    "model": "events.baseevent",
    "pk": 6,
    "fields": {
        "name": "Meeting in the Labour Market Committee",
        "player_description": null,
        "facilitator_description": null,
        "offset": 135,
        "duration": 15,
        "display_in_calendar": true,
        "_display_time": "2021-12-09T10:15:00Z"
    }
},
{
    "model": "events.baseevent",
    "pk": 7,
    "fields": {
        "name": "Meeting in the Council of Ministers",
        "player_description": null,
        "facilitator_description": null,
        "offset": 205,
        "duration": 30,
        "display_in_calendar": true,
        "_display_time": "2021-12-09T11:25:00Z"
    }
},
{
    "model": "events.baseevent",
    "pk": 8,
    "fields": {
        "name": "Meeting in the Labour Market Committee",
        "player_description": null,
        "facilitator_description": null,
        "offset": 205,
        "duration": 30,
        "display_in_calendar": true,
        "_display_time": "2021-12-09T11:25:00Z"
    }
},
{
    "model": "events.baseevent",
    "pk": 9,
    "fields": {
        "name": "Press conference",
        "player_description": null,
        "facilitator_description": null,
        "offset": 255,
        "duration": 25,
        "display_in_calendar": true,
        "_display_time": "2021-12-09T12:15:00Z"
    }
},
{
    "model": "events.baseevent",
    "pk": 10,
    "fields": {
        "name": "IP deadline",
        "player_description": null,
        "facilitator_description": null,
        "offset": 115,
        "duration": 0,
        "display_in_calendar": true,
        "_display_time": "2021-12-09T09:55:00Z"
    }
},
{
    "model": "events.baseevent",
    "pk": 11,
    "fields": {
        "name": "Deadline to signify to the Directive",
        "player_description": null,
        "facilitator_description": null,
        "offset": 120,
        "duration": 0,
        "display_in_calendar": true,
        "_display_time": "2021-12-09T10:00:00Z"
    }
},
{
    "model": "events.baseevent",
    "pk": 12,
    "fields": {
        "name": "The Commission sends out the first Directive draft",
        "player_description": null,
        "facilitator_description": null,
        "offset": 105,
        "duration": 0,
        "display_in_calendar": true,
        "_display_time": "2021-12-09T09:45:00Z"
    }
},
{
    "model": "events.baseevent",
    "pk": 13,
    "fields": {
        "name": "The Commission sends out the second Directive draft",
        "player_description": null,
        "facilitator_description": null,
        "offset": 195,
        "duration": 0,
        "display_in_calendar": true,
        "_display_time": "2021-12-09T11:15:00Z"
    }
},
{
    "model": "events.baseevent",
    "pk": 14,
    "fields": {
        "name": "IP deadline",
        "player_description": null,
        "facilitator_description": null,
        "offset": 200,
        "duration": 0,
        "display_in_calendar": false,
        "_display_time": "2021-12-09T11:20:00Z"
    }
},
{
    "model": "events.baseevent",
    "pk": 15,
    "fields": {
        "name": "Deadline to signify to the Directive",
        "player_description": null,
        "facilitator_description": null,
        "offset": 205,
        "duration": 0,
        "display_in_calendar": false,
        "_display_time": "2021-12-09T11:25:00Z"
    }
},
{
    "model": "events.baseevent",
    "pk": 16,
    "fields": {
        "name": "The Commission sends out the final Directive",
        "player_description": null,
        "facilitator_description": null,
        "offset": 250,
        "duration": 0,
        "display_in_calendar": true,
        "_display_time": "2021-12-09T12:10:00Z"
    }
},
{
    "model": "events.baseevent",
    "pk": 17,
    "fields": {
        "name": "Deadline after 75 minutes for media",
        "player_description": null,
        "facilitator_description": null,
        "offset": 75,
        "duration": 0,
        "display_in_calendar": false,
        "_display_time": "2021-12-09T09:15:00Z"
    }
},
{
    "model": "events.baseevent",
    "pk": 18,
    "fields": {
        "name": "Deadline after 75 minutes for attache",
        "player_description": null,
        "facilitator_description": null,
        "offset": 75,
        "duration": 0,
        "display_in_calendar": false,
        "_display_time": "2021-12-09T09:15:00Z"
    }
},
{
    "model": "events.baseevent",
    "pk": 19,
    "fields": {
        "name": "Deadline after 75 minutes for political",
        "player_description": null,
        "facilitator_description": null,
        "offset": 75,
        "duration": 0,
        "display_in_calendar": false,
        "_display_time": "2021-12-09T09:15:00Z"
    }
},
{
    "model": "events.baseevent",
    "pk": 20,
    "fields": {
        "name": "Deadline after 195 minutes for attache",
        "player_description": null,
        "facilitator_description": null,
        "offset": 195,
        "duration": 0,
        "display_in_calendar": false,
        "_display_time": "2021-12-09T11:15:00Z"
    }
},
{
    "model": "events.baseevent",
    "pk": 21,
    "fields": {
        "name": "Deadline after 195 minutes for political",
        "player_description": null,
        "facilitator_description": null,
        "offset": 195,
        "duration": 0,
        "display_in_calendar": false,
        "_display_time": "2021-12-09T11:15:00Z"
    }
},
{
    "model": "events.baseevent",
    "pk": 22,
    "fields": {
        "name": "Deadline after 195 minutes for media",
        "player_description": null,
        "facilitator_description": null,
        "offset": 195,
        "duration": 0,
        "display_in_calendar": false,
        "_display_time": "2021-12-09T11:15:00Z"
    }
},
{
    "model": "events.baseevent",
    "pk": 23,
    "fields": {
        "name": "Deadline after 195 minutes for technical",
        "player_description": null,
        "facilitator_description": null,
        "offset": 195,
        "duration": 0,
        "display_in_calendar": false,
        "_display_time": "2021-12-09T11:15:00Z"
    }
},
{
    "model": "events.baseevent",
    "pk": 25,
    "fields": {
        "name": "Deadline for the final vote",
        "player_description": null,
        "facilitator_description": null,
        "offset": 260,
        "duration": 0,
        "display_in_calendar": true,
        "_display_time": "2021-12-09T12:20:00Z"
    }
},
{
    "model": "events.baseevent",
    "pk": 26,
    "fields": {
        "name": "Deadline for the final vote",
        "player_description": null,
        "facilitator_description": null,
        "offset": 260,
        "duration": 0,
        "display_in_calendar": false,
        "_display_time": "2021-12-09T12:20:00Z"
    }
},
{
    "model": "events.baseevent",
    "pk": 27,
    "fields": {
        "name": "BREAK",
        "player_description": null,
        "facilitator_description": null,
        "offset": 150,
        "duration": 30,
        "display_in_calendar": true,
        "_display_time": "2021-12-09T10:30:00Z"
    }
},
{
    "model": "events.meetingevent",
    "pk": 1,
    "fields": {
        "baseevent_ptr": 1,
        "room_name": null,
        "agenda": "",
        "participants": [
            [
                "core",
                "secretary"
            ],
            [
                "core",
                "chief"
            ],
            [
                "core",
                "strategist"
            ],
            [
                "news",
                "journalist"
            ]
        ]
    }
},
{
    "model": "events.meetingevent",
    "pk": 4,
    "fields": {
        "baseevent_ptr": 4,
        "room_name": "Aula",
        "agenda": "",
        "participants": [
            [
                "core",
                "commission"
            ],
            [
                "core",
                "technicaladvisor"
            ]
        ]
    }
},
{
    "model": "events.meetingevent",
    "pk": 5,
    "fields": {
        "baseevent_ptr": 5,
        "room_name": "Aula",
        "agenda": "",
        "participants": [
            [
                "core",
                "minister"
            ]
        ]
    }
},
{
    "model": "events.meetingevent",
    "pk": 6,
    "fields": {
        "baseevent_ptr": 6,
        "room_name": "Aula",
        "agenda": "",
        "participants": [
            [
                "core",
                "commission"
            ],
            [
                "core",
                "spokesperson"
            ]
        ]
    }
},
{
    "model": "events.meetingevent",
    "pk": 27,
    "fields": {
        "baseevent_ptr": 27,
        "room_name": null,
        "agenda": "",
        "participants": [
            [
                "core",
                "spokesperson"
            ],
            [
                "core",
                "minister"
            ],
            [
                "news",
                "journalist"
            ],
            [
                "core",
                "secretary"
            ],
            [
                "core",
                "technicaladvisor"
            ],
            [
                "core",
                "politicaladvisor"
            ],
            [
                "core",
                "attacheadvisor"
            ],
            [
                "core",
                "mediaadvisor"
            ],
            [
                "core",
                "chief"
            ],
            [
                "core",
                "strategist"
            ]
        ]
    }
},
{
    "model": "events.meetingevent",
    "pk": 8,
    "fields": {
        "baseevent_ptr": 8,
        "room_name": "1T01",
        "agenda": "",
        "participants": [
            [
                "core",
                "commission"
            ],
            [
                "core",
                "spokesperson"
            ]
        ]
    }
},
{
    "model": "events.meetingevent",
    "pk": 7,
    "fields": {
        "baseevent_ptr": 7,
        "room_name": "1T02",
        "agenda": "",
        "participants": [
            [
                "core",
                "commission"
            ],
            [
                "core",
                "minister"
            ]
        ]
    }
},
{
    "model": "events.meetingevent",
    "pk": 9,
    "fields": {
        "baseevent_ptr": 9,
        "room_name": "Aula",
        "agenda": "",
        "participants": [
            [
                "game",
                "country"
            ],
            [
                "core",
                "spokesperson"
            ],
            [
                "core",
                "minister"
            ],
            [
                "news",
                "journalist"
            ],
            [
                "core",
                "commission"
            ],
            [
                "core",
                "secretary"
            ],
            [
                "core",
                "technicaladvisor"
            ],
            [
                "core",
                "politicaladvisor"
            ],
            [
                "core",
                "attacheadvisor"
            ],
            [
                "core",
                "mediaadvisor"
            ],
            [
                "core",
                "chief"
            ],
            [
                "core",
                "strategist"
            ],
            [
                "game",
                "parliamentgroup"
            ]
        ]
    }
},
{
    "model": "events.deadlineevent",
    "pk": 2,
    "fields": {
        "baseevent_ptr": 2,
        "actor": [
            "core",
            "secretary"
        ],
        "action": [
            "inf_points",
            "directiveinvestment"
        ],
        "reward": 2,
        "penalty": 2,
        "processed": false
    }
},
{
    "model": "events.deadlineevent",
    "pk": 18,
    "fields": {
        "baseevent_ptr": 18,
        "actor": [
            "core",
            "attacheadvisor"
        ],
        "action": [
            "game",
            "advisormemo"
        ],
        "reward": 2,
        "penalty": 2,
        "processed": false
    }
},
{
    "model": "events.deadlineevent",
    "pk": 17,
    "fields": {
        "baseevent_ptr": 17,
        "actor": [
            "core",
            "mediaadvisor"
        ],
        "action": [
            "game",
            "advisormemo"
        ],
        "reward": 2,
        "penalty": 2,
        "processed": false
    }
},
{
    "model": "events.deadlineevent",
    "pk": 19,
    "fields": {
        "baseevent_ptr": 19,
        "actor": [
            "core",
            "politicaladvisor"
        ],
        "action": [
            "game",
            "advisormemo"
        ],
        "reward": 2,
        "penalty": 2,
        "processed": false
    }
},
{
    "model": "events.deadlineevent",
    "pk": 3,
    "fields": {
        "baseevent_ptr": 3,
        "actor": [
            "core",
            "technicaladvisor"
        ],
        "action": [
            "game",
            "advisormemo"
        ],
        "reward": 1,
        "penalty": 1,
        "processed": false
    }
},
{
    "model": "events.deadlineevent",
    "pk": 12,
    "fields": {
        "baseevent_ptr": 12,
        "actor": [
            "core",
            "commission"
        ],
        "action": [
            "core",
            "directive"
        ],
        "reward": 2,
        "penalty": 2,
        "processed": false
    }
},
{
    "model": "events.deadlineevent",
    "pk": 10,
    "fields": {
        "baseevent_ptr": 10,
        "actor": [
            "core",
            "secretary"
        ],
        "action": [
            "inf_points",
            "directiveinvestment"
        ],
        "reward": 2,
        "penalty": 2,
        "processed": false
    }
},
{
    "model": "events.deadlineevent",
    "pk": 11,
    "fields": {
        "baseevent_ptr": 11,
        "actor": [
            "core",
            "secretary"
        ],
        "action": [
            "core",
            "directiveindication"
        ],
        "reward": 2,
        "penalty": 2,
        "processed": false
    }
},
{
    "model": "events.deadlineevent",
    "pk": 20,
    "fields": {
        "baseevent_ptr": 20,
        "actor": [
            "core",
            "attacheadvisor"
        ],
        "action": [
            "game",
            "advisormemo"
        ],
        "reward": 2,
        "penalty": 2,
        "processed": false
    }
},
{
    "model": "events.deadlineevent",
    "pk": 21,
    "fields": {
        "baseevent_ptr": 21,
        "actor": [
            "core",
            "politicaladvisor"
        ],
        "action": [
            "game",
            "advisormemo"
        ],
        "reward": 2,
        "penalty": 2,
        "processed": false
    }
},
{
    "model": "events.deadlineevent",
    "pk": 22,
    "fields": {
        "baseevent_ptr": 22,
        "actor": [
            "core",
            "mediaadvisor"
        ],
        "action": [
            "game",
            "advisormemo"
        ],
        "reward": 2,
        "penalty": 2,
        "processed": false
    }
},
{
    "model": "events.deadlineevent",
    "pk": 23,
    "fields": {
        "baseevent_ptr": 23,
        "actor": [
            "core",
            "technicaladvisor"
        ],
        "action": [
            "game",
            "advisormemo"
        ],
        "reward": 2,
        "penalty": 2,
        "processed": false
    }
},
{
    "model": "events.deadlineevent",
    "pk": 13,
    "fields": {
        "baseevent_ptr": 13,
        "actor": [
            "core",
            "commission"
        ],
        "action": [
            "core",
            "directive"
        ],
        "reward": 2,
        "penalty": 2,
        "processed": false
    }
},
{
    "model": "events.deadlineevent",
    "pk": 14,
    "fields": {
        "baseevent_ptr": 14,
        "actor": [
            "core",
            "secretary"
        ],
        "action": [
            "inf_points",
            "directiveinvestment"
        ],
        "reward": 2,
        "penalty": 2,
        "processed": false
    }
},
{
    "model": "events.deadlineevent",
    "pk": 15,
    "fields": {
        "baseevent_ptr": 15,
        "actor": [
            "core",
            "secretary"
        ],
        "action": [
            "core",
            "directiveindication"
        ],
        "reward": 2,
        "penalty": 2,
        "processed": false
    }
},
{
    "model": "events.deadlineevent",
    "pk": 16,
    "fields": {
        "baseevent_ptr": 16,
        "actor": [
            "core",
            "commission"
        ],
        "action": [
            "core",
            "directive"
        ],
        "reward": 2,
        "penalty": 2,
        "processed": false
    }
},
{
    "model": "events.deadlineevent",
    "pk": 25,
    "fields": {
        "baseevent_ptr": 25,
        "actor": [
            "game",
            "parliamentgroup"
        ],
        "action": [
            "game",
            "finalteamvote"
        ],
        "reward": 50,
        "penalty": 50,
        "processed": false
    }
},
{
    "model": "events.deadlineevent",
    "pk": 26,
    "fields": {
        "baseevent_ptr": 26,
        "actor": [
            "game",
            "country"
        ],
        "action": [
            "game",
            "finalteamvote"
        ],
        "reward": 50,
        "penalty": 50,
        "processed": false
    }
},
{
    "model": "events.submittable",
    "pk": 1,
    "fields": {
        "is_submitted": false
    }
},
{
    "model": "events.submittable",
    "pk": 2,
    "fields": {
        "is_submitted": false
    }
},
{
    "model": "events.submittable",
    "pk": 3,
    "fields": {
        "is_submitted": false
    }
},
{
    "model": "events.submittable",
    "pk": 4,
    "fields": {
        "is_submitted": false
    }
},
{
    "model": "events.submittable",
    "pk": 5,
    "fields": {
        "is_submitted": false
    }
},
{
    "model": "events.submittable",
    "pk": 6,
    "fields": {
        "is_submitted": false
    }
},
{
    "model": "events.submittable",
    "pk": 7,
    "fields": {
        "is_submitted": false
    }
},
{
    "model": "events.submittable",
    "pk": 8,
    "fields": {
        "is_submitted": false
    }
},
{
    "model": "events.submittable",
    "pk": 9,
    "fields": {
        "is_submitted": false
    }
},
{
    "model": "events.submittable",
    "pk": 10,
    "fields": {
        "is_submitted": false
    }
},
{
    "model": "events.submittable",
    "pk": 11,
    "fields": {
        "is_submitted": false
    }
},
{
    "model": "events.submittable",
    "pk": 12,
    "fields": {
        "is_submitted": false
    }
},
{
    "model": "events.submittable",
    "pk": 13,
    "fields": {
        "is_submitted": false
    }
},
{
    "model": "events.submittable",
    "pk": 14,
    "fields": {
        "is_submitted": false
    }
},
{
    "model": "events.submittable",
    "pk": 15,
    "fields": {
        "is_submitted": false
    }
},
{
    "model": "events.submittable",
    "pk": 16,
    "fields": {
        "is_submitted": false
    }
},
{
    "model": "events.submittable",
    "pk": 17,
    "fields": {
        "is_submitted": false
    }
},
{
    "model": "events.submittable",
    "pk": 18,
    "fields": {
        "is_submitted": false
    }
},
{
    "model": "events.submittable",
    "pk": 19,
    "fields": {
        "is_submitted": false
    }
},
{
    "model": "events.submittable",
    "pk": 20,
    "fields": {
        "is_submitted": false
    }
},
{
    "model": "events.submittable",
    "pk": 21,
    "fields": {
        "is_submitted": false
    }
},
{
    "model": "events.submittable",
    "pk": 22,
    "fields": {
        "is_submitted": false
    }
},
{
    "model": "events.submittable",
    "pk": 23,
    "fields": {
        "is_submitted": false
    }
},
{
    "model": "events.submittable",
    "pk": 24,
    "fields": {
        "is_submitted": false
    }
},
{
    "model": "events.submittable",
    "pk": 25,
    "fields": {
        "is_submitted": false
    }
},
{
    "model": "events.submittable",
    "pk": 26,
    "fields": {
        "is_submitted": false
    }
},
{
    "model": "events.submittable",
    "pk": 27,
    "fields": {
        "is_submitted": true
    }
},
{
    "model": "events.submittable",
    "pk": 28,
    "fields": {
        "is_submitted": false
    }
},
{
    "model": "events.submittable",
    "pk": 29,
    "fields": {
        "is_submitted": true
    }
},
{
    "model": "events.submittable",
    "pk": 30,
    "fields": {
        "is_submitted": true
    }
},
{
    "model": "events.submittable",
    "pk": 31,
    "fields": {
        "is_submitted": true
    }
},
{
    "model": "events.deadlinetask",
    "pk": 1,
    "fields": {
        "actor_type": [
            "core",
            "secretary"
        ],
        "actor_id": 51,
        "deadline": 2,
        "completed_at": null,
        "_submittable": null,
        "_submittable_ctype": null
    }
},
{
    "model": "events.deadlinetask",
    "pk": 2,
    "fields": {
        "actor_type": [
            "core",
            "secretary"
        ],
        "actor_id": 38,
        "deadline": 2,
        "completed_at": null,
        "_submittable": null,
        "_submittable_ctype": null
    }
},
{
    "model": "events.deadlinetask",
    "pk": 3,
    "fields": {
        "actor_type": [
            "core",
            "secretary"
        ],
        "actor_id": 12,
        "deadline": 2,
        "completed_at": null,
        "_submittable": null,
        "_submittable_ctype": null
    }
},
{
    "model": "events.deadlinetask",
    "pk": 4,
    "fields": {
        "actor_type": [
            "core",
            "secretary"
        ],
        "actor_id": 66,
        "deadline": 2,
        "completed_at": null,
        "_submittable": null,
        "_submittable_ctype": null
    }
},
{
    "model": "events.deadlinetask",
    "pk": 5,
    "fields": {
        "actor_type": [
            "core",
            "secretary"
        ],
        "actor_id": 59,
        "deadline": 2,
        "completed_at": null,
        "_submittable": null,
        "_submittable_ctype": null
    }
},
{
    "model": "events.deadlinetask",
    "pk": 6,
    "fields": {
        "actor_type": [
            "core",
            "secretary"
        ],
        "actor_id": 73,
        "deadline": 2,
        "completed_at": null,
        "_submittable": null,
        "_submittable_ctype": null
    }
},
{
    "model": "events.deadlinetask",
    "pk": 7,
    "fields": {
        "actor_type": [
            "core",
            "secretary"
        ],
        "actor_id": 57,
        "deadline": 2,
        "completed_at": null,
        "_submittable": null,
        "_submittable_ctype": null
    }
},
{
    "model": "events.deadlinetask",
    "pk": 8,
    "fields": {
        "actor_type": [
            "core",
            "secretary"
        ],
        "actor_id": 30,
        "deadline": 2,
        "completed_at": null,
        "_submittable": null,
        "_submittable_ctype": null
    }
},
{
    "model": "events.deadlinetask",
    "pk": 9,
    "fields": {
        "actor_type": [
            "core",
            "secretary"
        ],
        "actor_id": 35,
        "deadline": 2,
        "completed_at": null,
        "_submittable": null,
        "_submittable_ctype": null
    }
},
{
    "model": "events.deadlinetask",
    "pk": 10,
    "fields": {
        "actor_type": [
            "core",
            "secretary"
        ],
        "actor_id": 19,
        "deadline": 2,
        "completed_at": null,
        "_submittable": null,
        "_submittable_ctype": null
    }
},
{
    "model": "events.deadlinetask",
    "pk": 11,
    "fields": {
        "actor_type": [
            "core",
            "secretary"
        ],
        "actor_id": 89,
        "deadline": 2,
        "completed_at": null,
        "_submittable": null,
        "_submittable_ctype": null
    }
},
{
    "model": "events.deadlinetask",
    "pk": 12,
    "fields": {
        "actor_type": [
            "core",
            "secretary"
        ],
        "actor_id": 65,
        "deadline": 2,
        "completed_at": null,
        "_submittable": null,
        "_submittable_ctype": null
    }
},
{
    "model": "events.deadlinetask",
    "pk": 13,
    "fields": {
        "actor_type": [
            "core",
            "attacheadvisor"
        ],
        "actor_id": 11,
        "deadline": 18,
        "completed_at": null,
        "_submittable": null,
        "_submittable_ctype": null
    }
},
{
    "model": "events.deadlinetask",
    "pk": 14,
    "fields": {
        "actor_type": [
            "core",
            "attacheadvisor"
        ],
        "actor_id": 20,
        "deadline": 18,
        "completed_at": null,
        "_submittable": null,
        "_submittable_ctype": null
    }
},
{
    "model": "events.deadlinetask",
    "pk": 15,
    "fields": {
        "actor_type": [
            "core",
            "attacheadvisor"
        ],
        "actor_id": 25,
        "deadline": 18,
        "completed_at": null,
        "_submittable": null,
        "_submittable_ctype": null
    }
},
{
    "model": "events.deadlinetask",
    "pk": 16,
    "fields": {
        "actor_type": [
            "core",
            "attacheadvisor"
        ],
        "actor_id": 27,
        "deadline": 18,
        "completed_at": null,
        "_submittable": null,
        "_submittable_ctype": null
    }
},
{
    "model": "events.deadlinetask",
    "pk": 17,
    "fields": {
        "actor_type": [
            "core",
            "attacheadvisor"
        ],
        "actor_id": 32,
        "deadline": 18,
        "completed_at": null,
        "_submittable": null,
        "_submittable_ctype": null
    }
},
{
    "model": "events.deadlinetask",
    "pk": 18,
    "fields": {
        "actor_type": [
            "core",
            "attacheadvisor"
        ],
        "actor_id": 34,
        "deadline": 18,
        "completed_at": null,
        "_submittable": null,
        "_submittable_ctype": null
    }
},
{
    "model": "events.deadlinetask",
    "pk": 19,
    "fields": {
        "actor_type": [
            "core",
            "attacheadvisor"
        ],
        "actor_id": 40,
        "deadline": 18,
        "completed_at": null,
        "_submittable": null,
        "_submittable_ctype": null
    }
},
{
    "model": "events.deadlinetask",
    "pk": 20,
    "fields": {
        "actor_type": [
            "core",
            "attacheadvisor"
        ],
        "actor_id": 41,
        "deadline": 18,
        "completed_at": null,
        "_submittable": null,
        "_submittable_ctype": null
    }
},
{
    "model": "events.deadlinetask",
    "pk": 21,
    "fields": {
        "actor_type": [
            "core",
            "attacheadvisor"
        ],
        "actor_id": 42,
        "deadline": 18,
        "completed_at": null,
        "_submittable": null,
        "_submittable_ctype": null
    }
},
{
    "model": "events.deadlinetask",
    "pk": 22,
    "fields": {
        "actor_type": [
            "core",
            "attacheadvisor"
        ],
        "actor_id": 43,
        "deadline": 18,
        "completed_at": null,
        "_submittable": null,
        "_submittable_ctype": null
    }
},
{
    "model": "events.deadlinetask",
    "pk": 23,
    "fields": {
        "actor_type": [
            "core",
            "attacheadvisor"
        ],
        "actor_id": 44,
        "deadline": 18,
        "completed_at": null,
        "_submittable": null,
        "_submittable_ctype": null
    }
},
{
    "model": "events.deadlinetask",
    "pk": 24,
    "fields": {
        "actor_type": [
            "core",
            "attacheadvisor"
        ],
        "actor_id": 45,
        "deadline": 18,
        "completed_at": null,
        "_submittable": null,
        "_submittable_ctype": null
    }
},
{
    "model": "events.deadlinetask",
    "pk": 25,
    "fields": {
        "actor_type": [
            "core",
            "attacheadvisor"
        ],
        "actor_id": 46,
        "deadline": 18,
        "completed_at": null,
        "_submittable": null,
        "_submittable_ctype": null
    }
},
{
    "model": "events.deadlinetask",
    "pk": 26,
    "fields": {
        "actor_type": [
            "core",
            "attacheadvisor"
        ],
        "actor_id": 47,
        "deadline": 18,
        "completed_at": null,
        "_submittable": null,
        "_submittable_ctype": null
    }
},
{
    "model": "events.deadlinetask",
    "pk": 27,
    "fields": {
        "actor_type": [
            "core",
            "attacheadvisor"
        ],
        "actor_id": 48,
        "deadline": 18,
        "completed_at": null,
        "_submittable": null,
        "_submittable_ctype": null
    }
},
{
    "model": "events.deadlinetask",
    "pk": 28,
    "fields": {
        "actor_type": [
            "core",
            "attacheadvisor"
        ],
        "actor_id": 53,
        "deadline": 18,
        "completed_at": null,
        "_submittable": null,
        "_submittable_ctype": null
    }
},
{
    "model": "events.deadlinetask",
    "pk": 29,
    "fields": {
        "actor_type": [
            "core",
            "attacheadvisor"
        ],
        "actor_id": 79,
        "deadline": 18,
        "completed_at": null,
        "_submittable": null,
        "_submittable_ctype": null
    }
},
{
    "model": "events.deadlinetask",
    "pk": 30,
    "fields": {
        "actor_type": [
            "core",
            "attacheadvisor"
        ],
        "actor_id": 80,
        "deadline": 18,
        "completed_at": null,
        "_submittable": null,
        "_submittable_ctype": null
    }
},
{
    "model": "events.deadlinetask",
    "pk": 31,
    "fields": {
        "actor_type": [
            "core",
            "attacheadvisor"
        ],
        "actor_id": 82,
        "deadline": 18,
        "completed_at": null,
        "_submittable": null,
        "_submittable_ctype": null
    }
},
{
    "model": "events.deadlinetask",
    "pk": 32,
    "fields": {
        "actor_type": [
            "core",
            "attacheadvisor"
        ],
        "actor_id": 83,
        "deadline": 18,
        "completed_at": null,
        "_submittable": null,
        "_submittable_ctype": null
    }
},
{
    "model": "events.deadlinetask",
    "pk": 33,
    "fields": {
        "actor_type": [
            "core",
            "attacheadvisor"
        ],
        "actor_id": 60,
        "deadline": 18,
        "completed_at": null,
        "_submittable": null,
        "_submittable_ctype": null
    }
},
{
    "model": "events.deadlinetask",
    "pk": 34,
    "fields": {
        "actor_type": [
            "core",
            "attacheadvisor"
        ],
        "actor_id": 67,
        "deadline": 18,
        "completed_at": null,
        "_submittable": null,
        "_submittable_ctype": null
    }
},
{
    "model": "events.deadlinetask",
    "pk": 35,
    "fields": {
        "actor_type": [
            "core",
            "attacheadvisor"
        ],
        "actor_id": 71,
        "deadline": 18,
        "completed_at": null,
        "_submittable": null,
        "_submittable_ctype": null
    }
},
{
    "model": "events.deadlinetask",
    "pk": 36,
    "fields": {
        "actor_type": [
            "core",
            "attacheadvisor"
        ],
        "actor_id": 78,
        "deadline": 18,
        "completed_at": null,
        "_submittable": null,
        "_submittable_ctype": null
    }
},
{
    "model": "events.deadlinetask",
    "pk": 37,
    "fields": {
        "actor_type": [
            "core",
            "technicaladvisor"
        ],
        "actor_id": 15,
        "deadline": 3,
        "completed_at": null,
        "_submittable": null,
        "_submittable_ctype": null
    }
},
{
    "model": "events.deadlinetask",
    "pk": 38,
    "fields": {
        "actor_type": [
            "core",
            "technicaladvisor"
        ],
        "actor_id": 17,
        "deadline": 3,
        "completed_at": null,
        "_submittable": null,
        "_submittable_ctype": null
    }
},
{
    "model": "events.deadlinetask",
    "pk": 39,
    "fields": {
        "actor_type": [
            "core",
            "technicaladvisor"
        ],
        "actor_id": 18,
        "deadline": 3,
        "completed_at": null,
        "_submittable": null,
        "_submittable_ctype": null
    }
},
{
    "model": "events.deadlinetask",
    "pk": 40,
    "fields": {
        "actor_type": [
            "core",
            "technicaladvisor"
        ],
        "actor_id": 29,
        "deadline": 3,
        "completed_at": null,
        "_submittable": null,
        "_submittable_ctype": null
    }
},
{
    "model": "events.deadlinetask",
    "pk": 41,
    "fields": {
        "actor_type": [
            "core",
            "technicaladvisor"
        ],
        "actor_id": 37,
        "deadline": 3,
        "completed_at": null,
        "_submittable": null,
        "_submittable_ctype": null
    }
},
{
    "model": "events.deadlinetask",
    "pk": 42,
    "fields": {
        "actor_type": [
            "core",
            "technicaladvisor"
        ],
        "actor_id": 39,
        "deadline": 3,
        "completed_at": null,
        "_submittable": null,
        "_submittable_ctype": null
    }
},
{
    "model": "events.deadlinetask",
    "pk": 43,
    "fields": {
        "actor_type": [
            "core",
            "technicaladvisor"
        ],
        "actor_id": 52,
        "deadline": 3,
        "completed_at": null,
        "_submittable": null,
        "_submittable_ctype": null
    }
},
{
    "model": "events.deadlinetask",
    "pk": 44,
    "fields": {
        "actor_type": [
            "core",
            "technicaladvisor"
        ],
        "actor_id": 56,
        "deadline": 3,
        "completed_at": null,
        "_submittable": null,
        "_submittable_ctype": null
    }
},
{
    "model": "events.deadlinetask",
    "pk": 45,
    "fields": {
        "actor_type": [
            "core",
            "technicaladvisor"
        ],
        "actor_id": 58,
        "deadline": 3,
        "completed_at": null,
        "_submittable": null,
        "_submittable_ctype": null
    }
},
{
    "model": "events.deadlinetask",
    "pk": 46,
    "fields": {
        "actor_type": [
            "core",
            "technicaladvisor"
        ],
        "actor_id": 81,
        "deadline": 3,
        "completed_at": null,
        "_submittable": null,
        "_submittable_ctype": null
    }
},
{
    "model": "events.deadlinetask",
    "pk": 47,
    "fields": {
        "actor_type": [
            "core",
            "technicaladvisor"
        ],
        "actor_id": 62,
        "deadline": 3,
        "completed_at": null,
        "_submittable": null,
        "_submittable_ctype": null
    }
},
{
    "model": "events.deadlinetask",
    "pk": 48,
    "fields": {
        "actor_type": [
            "core",
            "technicaladvisor"
        ],
        "actor_id": 72,
        "deadline": 3,
        "completed_at": null,
        "_submittable": null,
        "_submittable_ctype": null
    }
},
{
    "model": "events.deadlinetask",
    "pk": 49,
    "fields": {
        "actor_type": [
            "core",
            "technicaladvisor"
        ],
        "actor_id": 76,
        "deadline": 3,
        "completed_at": null,
        "_submittable": null,
        "_submittable_ctype": null
    }
},
{
    "model": "events.deadlinetask",
    "pk": 50,
    "fields": {
        "actor_type": [
            "core",
            "technicaladvisor"
        ],
        "actor_id": 77,
        "deadline": 3,
        "completed_at": null,
        "_submittable": null,
        "_submittable_ctype": null
    }
},
{
    "model": "events.deadlinetask",
    "pk": 51,
    "fields": {
        "actor_type": [
            "core",
            "commission"
        ],
        "actor_id": 8,
        "deadline": 12,
        "completed_at": null,
        "_submittable": null,
        "_submittable_ctype": null
    }
},
{
    "model": "events.deadlinetask",
    "pk": 52,
    "fields": {
        "actor_type": [
            "core",
            "secretary"
        ],
        "actor_id": 51,
        "deadline": 10,
        "completed_at": null,
        "_submittable": null,
        "_submittable_ctype": null
    }
},
{
    "model": "events.deadlinetask",
    "pk": 53,
    "fields": {
        "actor_type": [
            "core",
            "secretary"
        ],
        "actor_id": 38,
        "deadline": 10,
        "completed_at": "2022-03-23T10:25:56.015Z",
        "_submittable": 30,
        "_submittable_ctype": [
            "inf_points",
            "directiveinvestment"
        ]
    }
},
{
    "model": "events.deadlinetask",
    "pk": 54,
    "fields": {
        "actor_type": [
            "core",
            "secretary"
        ],
        "actor_id": 12,
        "deadline": 10,
        "completed_at": null,
        "_submittable": null,
        "_submittable_ctype": null
    }
},
{
    "model": "events.deadlinetask",
    "pk": 55,
    "fields": {
        "actor_type": [
            "core",
            "secretary"
        ],
        "actor_id": 66,
        "deadline": 10,
        "completed_at": null,
        "_submittable": null,
        "_submittable_ctype": null
    }
},
{
    "model": "events.deadlinetask",
    "pk": 56,
    "fields": {
        "actor_type": [
            "core",
            "secretary"
        ],
        "actor_id": 59,
        "deadline": 10,
        "completed_at": "2022-03-22T14:28:39.419Z",
        "_submittable": 27,
        "_submittable_ctype": [
            "inf_points",
            "directiveinvestment"
        ]
    }
},
{
    "model": "events.deadlinetask",
    "pk": 57,
    "fields": {
        "actor_type": [
            "core",
            "secretary"
        ],
        "actor_id": 73,
        "deadline": 10,
        "completed_at": null,
        "_submittable": null,
        "_submittable_ctype": null
    }
},
{
    "model": "events.deadlinetask",
    "pk": 58,
    "fields": {
        "actor_type": [
            "core",
            "secretary"
        ],
        "actor_id": 57,
        "deadline": 10,
        "completed_at": null,
        "_submittable": null,
        "_submittable_ctype": null
    }
},
{
    "model": "events.deadlinetask",
    "pk": 59,
    "fields": {
        "actor_type": [
            "core",
            "secretary"
        ],
        "actor_id": 30,
        "deadline": 10,
        "completed_at": "2022-03-22T15:03:05.565Z",
        "_submittable": 29,
        "_submittable_ctype": [
            "inf_points",
            "directiveinvestment"
        ]
    }
},
{
    "model": "events.deadlinetask",
    "pk": 60,
    "fields": {
        "actor_type": [
            "core",
            "secretary"
        ],
        "actor_id": 35,
        "deadline": 10,
        "completed_at": null,
        "_submittable": null,
        "_submittable_ctype": null
    }
},
{
    "model": "events.deadlinetask",
    "pk": 61,
    "fields": {
        "actor_type": [
            "core",
            "secretary"
        ],
        "actor_id": 19,
        "deadline": 10,
        "completed_at": null,
        "_submittable": null,
        "_submittable_ctype": null
    }
},
{
    "model": "events.deadlinetask",
    "pk": 62,
    "fields": {
        "actor_type": [
            "core",
            "secretary"
        ],
        "actor_id": 89,
        "deadline": 10,
        "completed_at": null,
        "_submittable": null,
        "_submittable_ctype": null
    }
},
{
    "model": "events.deadlinetask",
    "pk": 63,
    "fields": {
        "actor_type": [
            "core",
            "secretary"
        ],
        "actor_id": 65,
        "deadline": 10,
        "completed_at": "2022-03-23T10:27:33.322Z",
        "_submittable": 31,
        "_submittable_ctype": [
            "inf_points",
            "directiveinvestment"
        ]
    }
},
{
    "model": "events.deadlinetask",
    "pk": 64,
    "fields": {
        "actor_type": [
            "core",
            "secretary"
        ],
        "actor_id": 51,
        "deadline": 11,
        "completed_at": null,
        "_submittable": null,
        "_submittable_ctype": null
    }
},
{
    "model": "events.deadlinetask",
    "pk": 65,
    "fields": {
        "actor_type": [
            "core",
            "secretary"
        ],
        "actor_id": 38,
        "deadline": 11,
        "completed_at": null,
        "_submittable": null,
        "_submittable_ctype": null
    }
},
{
    "model": "events.deadlinetask",
    "pk": 66,
    "fields": {
        "actor_type": [
            "core",
            "secretary"
        ],
        "actor_id": 12,
        "deadline": 11,
        "completed_at": null,
        "_submittable": null,
        "_submittable_ctype": null
    }
},
{
    "model": "events.deadlinetask",
    "pk": 67,
    "fields": {
        "actor_type": [
            "core",
            "secretary"
        ],
        "actor_id": 66,
        "deadline": 11,
        "completed_at": null,
        "_submittable": null,
        "_submittable_ctype": null
    }
},
{
    "model": "events.deadlinetask",
    "pk": 68,
    "fields": {
        "actor_type": [
            "core",
            "secretary"
        ],
        "actor_id": 59,
        "deadline": 11,
        "completed_at": null,
        "_submittable": null,
        "_submittable_ctype": null
    }
},
{
    "model": "events.deadlinetask",
    "pk": 69,
    "fields": {
        "actor_type": [
            "core",
            "secretary"
        ],
        "actor_id": 73,
        "deadline": 11,
        "completed_at": null,
        "_submittable": null,
        "_submittable_ctype": null
    }
},
{
    "model": "events.deadlinetask",
    "pk": 70,
    "fields": {
        "actor_type": [
            "core",
            "secretary"
        ],
        "actor_id": 57,
        "deadline": 11,
        "completed_at": null,
        "_submittable": null,
        "_submittable_ctype": null
    }
},
{
    "model": "events.deadlinetask",
    "pk": 71,
    "fields": {
        "actor_type": [
            "core",
            "secretary"
        ],
        "actor_id": 30,
        "deadline": 11,
        "completed_at": null,
        "_submittable": null,
        "_submittable_ctype": null
    }
},
{
    "model": "events.deadlinetask",
    "pk": 72,
    "fields": {
        "actor_type": [
            "core",
            "secretary"
        ],
        "actor_id": 35,
        "deadline": 11,
        "completed_at": null,
        "_submittable": null,
        "_submittable_ctype": null
    }
},
{
    "model": "events.deadlinetask",
    "pk": 73,
    "fields": {
        "actor_type": [
            "core",
            "secretary"
        ],
        "actor_id": 19,
        "deadline": 11,
        "completed_at": null,
        "_submittable": null,
        "_submittable_ctype": null
    }
},
{
    "model": "events.deadlinetask",
    "pk": 74,
    "fields": {
        "actor_type": [
            "core",
            "secretary"
        ],
        "actor_id": 89,
        "deadline": 11,
        "completed_at": null,
        "_submittable": null,
        "_submittable_ctype": null
    }
},
{
    "model": "events.deadlinetask",
    "pk": 75,
    "fields": {
        "actor_type": [
            "core",
            "secretary"
        ],
        "actor_id": 65,
        "deadline": 11,
        "completed_at": null,
        "_submittable": null,
        "_submittable_ctype": null
    }
},
{
    "model": "events.deadlinetask",
    "pk": 76,
    "fields": {
        "actor_type": [
            "core",
            "attacheadvisor"
        ],
        "actor_id": 11,
        "deadline": 20,
        "completed_at": null,
        "_submittable": null,
        "_submittable_ctype": null
    }
},
{
    "model": "events.deadlinetask",
    "pk": 77,
    "fields": {
        "actor_type": [
            "core",
            "attacheadvisor"
        ],
        "actor_id": 20,
        "deadline": 20,
        "completed_at": null,
        "_submittable": null,
        "_submittable_ctype": null
    }
},
{
    "model": "events.deadlinetask",
    "pk": 78,
    "fields": {
        "actor_type": [
            "core",
            "attacheadvisor"
        ],
        "actor_id": 25,
        "deadline": 20,
        "completed_at": null,
        "_submittable": null,
        "_submittable_ctype": null
    }
},
{
    "model": "events.deadlinetask",
    "pk": 79,
    "fields": {
        "actor_type": [
            "core",
            "attacheadvisor"
        ],
        "actor_id": 27,
        "deadline": 20,
        "completed_at": null,
        "_submittable": null,
        "_submittable_ctype": null
    }
},
{
    "model": "events.deadlinetask",
    "pk": 80,
    "fields": {
        "actor_type": [
            "core",
            "attacheadvisor"
        ],
        "actor_id": 32,
        "deadline": 20,
        "completed_at": null,
        "_submittable": null,
        "_submittable_ctype": null
    }
},
{
    "model": "events.deadlinetask",
    "pk": 81,
    "fields": {
        "actor_type": [
            "core",
            "attacheadvisor"
        ],
        "actor_id": 34,
        "deadline": 20,
        "completed_at": null,
        "_submittable": null,
        "_submittable_ctype": null
    }
},
{
    "model": "events.deadlinetask",
    "pk": 82,
    "fields": {
        "actor_type": [
            "core",
            "attacheadvisor"
        ],
        "actor_id": 40,
        "deadline": 20,
        "completed_at": null,
        "_submittable": null,
        "_submittable_ctype": null
    }
},
{
    "model": "events.deadlinetask",
    "pk": 83,
    "fields": {
        "actor_type": [
            "core",
            "attacheadvisor"
        ],
        "actor_id": 41,
        "deadline": 20,
        "completed_at": null,
        "_submittable": null,
        "_submittable_ctype": null
    }
},
{
    "model": "events.deadlinetask",
    "pk": 84,
    "fields": {
        "actor_type": [
            "core",
            "attacheadvisor"
        ],
        "actor_id": 42,
        "deadline": 20,
        "completed_at": null,
        "_submittable": null,
        "_submittable_ctype": null
    }
},
{
    "model": "events.deadlinetask",
    "pk": 85,
    "fields": {
        "actor_type": [
            "core",
            "attacheadvisor"
        ],
        "actor_id": 43,
        "deadline": 20,
        "completed_at": null,
        "_submittable": null,
        "_submittable_ctype": null
    }
},
{
    "model": "events.deadlinetask",
    "pk": 86,
    "fields": {
        "actor_type": [
            "core",
            "attacheadvisor"
        ],
        "actor_id": 44,
        "deadline": 20,
        "completed_at": null,
        "_submittable": null,
        "_submittable_ctype": null
    }
},
{
    "model": "events.deadlinetask",
    "pk": 87,
    "fields": {
        "actor_type": [
            "core",
            "attacheadvisor"
        ],
        "actor_id": 45,
        "deadline": 20,
        "completed_at": null,
        "_submittable": null,
        "_submittable_ctype": null
    }
},
{
    "model": "events.deadlinetask",
    "pk": 88,
    "fields": {
        "actor_type": [
            "core",
            "attacheadvisor"
        ],
        "actor_id": 46,
        "deadline": 20,
        "completed_at": null,
        "_submittable": null,
        "_submittable_ctype": null
    }
},
{
    "model": "events.deadlinetask",
    "pk": 89,
    "fields": {
        "actor_type": [
            "core",
            "attacheadvisor"
        ],
        "actor_id": 47,
        "deadline": 20,
        "completed_at": null,
        "_submittable": null,
        "_submittable_ctype": null
    }
},
{
    "model": "events.deadlinetask",
    "pk": 90,
    "fields": {
        "actor_type": [
            "core",
            "attacheadvisor"
        ],
        "actor_id": 48,
        "deadline": 20,
        "completed_at": null,
        "_submittable": null,
        "_submittable_ctype": null
    }
},
{
    "model": "events.deadlinetask",
    "pk": 91,
    "fields": {
        "actor_type": [
            "core",
            "attacheadvisor"
        ],
        "actor_id": 53,
        "deadline": 20,
        "completed_at": null,
        "_submittable": null,
        "_submittable_ctype": null
    }
},
{
    "model": "events.deadlinetask",
    "pk": 92,
    "fields": {
        "actor_type": [
            "core",
            "attacheadvisor"
        ],
        "actor_id": 79,
        "deadline": 20,
        "completed_at": null,
        "_submittable": null,
        "_submittable_ctype": null
    }
},
{
    "model": "events.deadlinetask",
    "pk": 93,
    "fields": {
        "actor_type": [
            "core",
            "attacheadvisor"
        ],
        "actor_id": 80,
        "deadline": 20,
        "completed_at": null,
        "_submittable": null,
        "_submittable_ctype": null
    }
},
{
    "model": "events.deadlinetask",
    "pk": 94,
    "fields": {
        "actor_type": [
            "core",
            "attacheadvisor"
        ],
        "actor_id": 82,
        "deadline": 20,
        "completed_at": null,
        "_submittable": null,
        "_submittable_ctype": null
    }
},
{
    "model": "events.deadlinetask",
    "pk": 95,
    "fields": {
        "actor_type": [
            "core",
            "attacheadvisor"
        ],
        "actor_id": 83,
        "deadline": 20,
        "completed_at": null,
        "_submittable": null,
        "_submittable_ctype": null
    }
},
{
    "model": "events.deadlinetask",
    "pk": 96,
    "fields": {
        "actor_type": [
            "core",
            "attacheadvisor"
        ],
        "actor_id": 60,
        "deadline": 20,
        "completed_at": null,
        "_submittable": null,
        "_submittable_ctype": null
    }
},
{
    "model": "events.deadlinetask",
    "pk": 97,
    "fields": {
        "actor_type": [
            "core",
            "attacheadvisor"
        ],
        "actor_id": 67,
        "deadline": 20,
        "completed_at": null,
        "_submittable": null,
        "_submittable_ctype": null
    }
},
{
    "model": "events.deadlinetask",
    "pk": 98,
    "fields": {
        "actor_type": [
            "core",
            "attacheadvisor"
        ],
        "actor_id": 71,
        "deadline": 20,
        "completed_at": null,
        "_submittable": null,
        "_submittable_ctype": null
    }
},
{
    "model": "events.deadlinetask",
    "pk": 99,
    "fields": {
        "actor_type": [
            "core",
            "attacheadvisor"
        ],
        "actor_id": 78,
        "deadline": 20,
        "completed_at": null,
        "_submittable": null,
        "_submittable_ctype": null
    }
},
{
    "model": "events.deadlinetask",
    "pk": 100,
    "fields": {
        "actor_type": [
            "core",
            "technicaladvisor"
        ],
        "actor_id": 15,
        "deadline": 23,
        "completed_at": null,
        "_submittable": null,
        "_submittable_ctype": null
    }
},
{
    "model": "events.deadlinetask",
    "pk": 101,
    "fields": {
        "actor_type": [
            "core",
            "technicaladvisor"
        ],
        "actor_id": 17,
        "deadline": 23,
        "completed_at": null,
        "_submittable": null,
        "_submittable_ctype": null
    }
},
{
    "model": "events.deadlinetask",
    "pk": 102,
    "fields": {
        "actor_type": [
            "core",
            "technicaladvisor"
        ],
        "actor_id": 18,
        "deadline": 23,
        "completed_at": null,
        "_submittable": null,
        "_submittable_ctype": null
    }
},
{
    "model": "events.deadlinetask",
    "pk": 103,
    "fields": {
        "actor_type": [
            "core",
            "technicaladvisor"
        ],
        "actor_id": 29,
        "deadline": 23,
        "completed_at": null,
        "_submittable": null,
        "_submittable_ctype": null
    }
},
{
    "model": "events.deadlinetask",
    "pk": 104,
    "fields": {
        "actor_type": [
            "core",
            "technicaladvisor"
        ],
        "actor_id": 37,
        "deadline": 23,
        "completed_at": null,
        "_submittable": null,
        "_submittable_ctype": null
    }
},
{
    "model": "events.deadlinetask",
    "pk": 105,
    "fields": {
        "actor_type": [
            "core",
            "technicaladvisor"
        ],
        "actor_id": 39,
        "deadline": 23,
        "completed_at": null,
        "_submittable": null,
        "_submittable_ctype": null
    }
},
{
    "model": "events.deadlinetask",
    "pk": 106,
    "fields": {
        "actor_type": [
            "core",
            "technicaladvisor"
        ],
        "actor_id": 52,
        "deadline": 23,
        "completed_at": null,
        "_submittable": null,
        "_submittable_ctype": null
    }
},
{
    "model": "events.deadlinetask",
    "pk": 107,
    "fields": {
        "actor_type": [
            "core",
            "technicaladvisor"
        ],
        "actor_id": 56,
        "deadline": 23,
        "completed_at": null,
        "_submittable": null,
        "_submittable_ctype": null
    }
},
{
    "model": "events.deadlinetask",
    "pk": 108,
    "fields": {
        "actor_type": [
            "core",
            "technicaladvisor"
        ],
        "actor_id": 58,
        "deadline": 23,
        "completed_at": null,
        "_submittable": null,
        "_submittable_ctype": null
    }
},
{
    "model": "events.deadlinetask",
    "pk": 109,
    "fields": {
        "actor_type": [
            "core",
            "technicaladvisor"
        ],
        "actor_id": 81,
        "deadline": 23,
        "completed_at": null,
        "_submittable": null,
        "_submittable_ctype": null
    }
},
{
    "model": "events.deadlinetask",
    "pk": 110,
    "fields": {
        "actor_type": [
            "core",
            "technicaladvisor"
        ],
        "actor_id": 62,
        "deadline": 23,
        "completed_at": null,
        "_submittable": null,
        "_submittable_ctype": null
    }
},
{
    "model": "events.deadlinetask",
    "pk": 111,
    "fields": {
        "actor_type": [
            "core",
            "technicaladvisor"
        ],
        "actor_id": 72,
        "deadline": 23,
        "completed_at": null,
        "_submittable": null,
        "_submittable_ctype": null
    }
},
{
    "model": "events.deadlinetask",
    "pk": 112,
    "fields": {
        "actor_type": [
            "core",
            "technicaladvisor"
        ],
        "actor_id": 76,
        "deadline": 23,
        "completed_at": null,
        "_submittable": null,
        "_submittable_ctype": null
    }
},
{
    "model": "events.deadlinetask",
    "pk": 113,
    "fields": {
        "actor_type": [
            "core",
            "technicaladvisor"
        ],
        "actor_id": 77,
        "deadline": 23,
        "completed_at": null,
        "_submittable": null,
        "_submittable_ctype": null
    }
},
{
    "model": "events.deadlinetask",
    "pk": 114,
    "fields": {
        "actor_type": [
            "core",
            "commission"
        ],
        "actor_id": 8,
        "deadline": 13,
        "completed_at": null,
        "_submittable": null,
        "_submittable_ctype": null
    }
},
{
    "model": "events.deadlinetask",
    "pk": 115,
    "fields": {
        "actor_type": [
            "core",
            "secretary"
        ],
        "actor_id": 51,
        "deadline": 14,
        "completed_at": null,
        "_submittable": null,
        "_submittable_ctype": null
    }
},
{
    "model": "events.deadlinetask",
    "pk": 116,
    "fields": {
        "actor_type": [
            "core",
            "secretary"
        ],
        "actor_id": 38,
        "deadline": 14,
        "completed_at": null,
        "_submittable": null,
        "_submittable_ctype": null
    }
},
{
    "model": "events.deadlinetask",
    "pk": 117,
    "fields": {
        "actor_type": [
            "core",
            "secretary"
        ],
        "actor_id": 12,
        "deadline": 14,
        "completed_at": null,
        "_submittable": null,
        "_submittable_ctype": null
    }
},
{
    "model": "events.deadlinetask",
    "pk": 118,
    "fields": {
        "actor_type": [
            "core",
            "secretary"
        ],
        "actor_id": 66,
        "deadline": 14,
        "completed_at": null,
        "_submittable": null,
        "_submittable_ctype": null
    }
},
{
    "model": "events.deadlinetask",
    "pk": 119,
    "fields": {
        "actor_type": [
            "core",
            "secretary"
        ],
        "actor_id": 59,
        "deadline": 14,
        "completed_at": null,
        "_submittable": null,
        "_submittable_ctype": null
    }
},
{
    "model": "events.deadlinetask",
    "pk": 120,
    "fields": {
        "actor_type": [
            "core",
            "secretary"
        ],
        "actor_id": 73,
        "deadline": 14,
        "completed_at": null,
        "_submittable": null,
        "_submittable_ctype": null
    }
},
{
    "model": "events.deadlinetask",
    "pk": 121,
    "fields": {
        "actor_type": [
            "core",
            "secretary"
        ],
        "actor_id": 57,
        "deadline": 14,
        "completed_at": null,
        "_submittable": null,
        "_submittable_ctype": null
    }
},
{
    "model": "events.deadlinetask",
    "pk": 122,
    "fields": {
        "actor_type": [
            "core",
            "secretary"
        ],
        "actor_id": 30,
        "deadline": 14,
        "completed_at": null,
        "_submittable": null,
        "_submittable_ctype": null
    }
},
{
    "model": "events.deadlinetask",
    "pk": 123,
    "fields": {
        "actor_type": [
            "core",
            "secretary"
        ],
        "actor_id": 35,
        "deadline": 14,
        "completed_at": null,
        "_submittable": null,
        "_submittable_ctype": null
    }
},
{
    "model": "events.deadlinetask",
    "pk": 124,
    "fields": {
        "actor_type": [
            "core",
            "secretary"
        ],
        "actor_id": 19,
        "deadline": 14,
        "completed_at": null,
        "_submittable": null,
        "_submittable_ctype": null
    }
},
{
    "model": "events.deadlinetask",
    "pk": 125,
    "fields": {
        "actor_type": [
            "core",
            "secretary"
        ],
        "actor_id": 89,
        "deadline": 14,
        "completed_at": null,
        "_submittable": null,
        "_submittable_ctype": null
    }
},
{
    "model": "events.deadlinetask",
    "pk": 126,
    "fields": {
        "actor_type": [
            "core",
            "secretary"
        ],
        "actor_id": 65,
        "deadline": 14,
        "completed_at": null,
        "_submittable": null,
        "_submittable_ctype": null
    }
},
{
    "model": "events.deadlinetask",
    "pk": 127,
    "fields": {
        "actor_type": [
            "core",
            "secretary"
        ],
        "actor_id": 51,
        "deadline": 15,
        "completed_at": null,
        "_submittable": null,
        "_submittable_ctype": null
    }
},
{
    "model": "events.deadlinetask",
    "pk": 128,
    "fields": {
        "actor_type": [
            "core",
            "secretary"
        ],
        "actor_id": 38,
        "deadline": 15,
        "completed_at": null,
        "_submittable": null,
        "_submittable_ctype": null
    }
},
{
    "model": "events.deadlinetask",
    "pk": 129,
    "fields": {
        "actor_type": [
            "core",
            "secretary"
        ],
        "actor_id": 12,
        "deadline": 15,
        "completed_at": null,
        "_submittable": null,
        "_submittable_ctype": null
    }
},
{
    "model": "events.deadlinetask",
    "pk": 130,
    "fields": {
        "actor_type": [
            "core",
            "secretary"
        ],
        "actor_id": 66,
        "deadline": 15,
        "completed_at": null,
        "_submittable": null,
        "_submittable_ctype": null
    }
},
{
    "model": "events.deadlinetask",
    "pk": 131,
    "fields": {
        "actor_type": [
            "core",
            "secretary"
        ],
        "actor_id": 59,
        "deadline": 15,
        "completed_at": null,
        "_submittable": null,
        "_submittable_ctype": null
    }
},
{
    "model": "events.deadlinetask",
    "pk": 132,
    "fields": {
        "actor_type": [
            "core",
            "secretary"
        ],
        "actor_id": 73,
        "deadline": 15,
        "completed_at": null,
        "_submittable": null,
        "_submittable_ctype": null
    }
},
{
    "model": "events.deadlinetask",
    "pk": 133,
    "fields": {
        "actor_type": [
            "core",
            "secretary"
        ],
        "actor_id": 57,
        "deadline": 15,
        "completed_at": null,
        "_submittable": null,
        "_submittable_ctype": null
    }
},
{
    "model": "events.deadlinetask",
    "pk": 134,
    "fields": {
        "actor_type": [
            "core",
            "secretary"
        ],
        "actor_id": 30,
        "deadline": 15,
        "completed_at": null,
        "_submittable": null,
        "_submittable_ctype": null
    }
},
{
    "model": "events.deadlinetask",
    "pk": 135,
    "fields": {
        "actor_type": [
            "core",
            "secretary"
        ],
        "actor_id": 35,
        "deadline": 15,
        "completed_at": null,
        "_submittable": null,
        "_submittable_ctype": null
    }
},
{
    "model": "events.deadlinetask",
    "pk": 136,
    "fields": {
        "actor_type": [
            "core",
            "secretary"
        ],
        "actor_id": 19,
        "deadline": 15,
        "completed_at": null,
        "_submittable": null,
        "_submittable_ctype": null
    }
},
{
    "model": "events.deadlinetask",
    "pk": 137,
    "fields": {
        "actor_type": [
            "core",
            "secretary"
        ],
        "actor_id": 89,
        "deadline": 15,
        "completed_at": null,
        "_submittable": null,
        "_submittable_ctype": null
    }
},
{
    "model": "events.deadlinetask",
    "pk": 138,
    "fields": {
        "actor_type": [
            "core",
            "secretary"
        ],
        "actor_id": 65,
        "deadline": 15,
        "completed_at": null,
        "_submittable": null,
        "_submittable_ctype": null
    }
},
{
    "model": "events.deadlinetask",
    "pk": 139,
    "fields": {
        "actor_type": [
            "core",
            "commission"
        ],
        "actor_id": 8,
        "deadline": 16,
        "completed_at": null,
        "_submittable": null,
        "_submittable_ctype": null
    }
},
{
    "model": "events.deadlinetask",
    "pk": 140,
    "fields": {
        "actor_type": [
            "game",
            "parliamentgroup"
        ],
        "actor_id": 1,
        "deadline": 25,
        "completed_at": null,
        "_submittable": null,
        "_submittable_ctype": null
    }
},
{
    "model": "events.deadlinetask",
    "pk": 141,
    "fields": {
        "actor_type": [
            "game",
            "parliamentgroup"
        ],
        "actor_id": 2,
        "deadline": 25,
        "completed_at": null,
        "_submittable": null,
        "_submittable_ctype": null
    }
},
{
    "model": "events.deadlinetask",
    "pk": 142,
    "fields": {
        "actor_type": [
            "game",
            "parliamentgroup"
        ],
        "actor_id": 9,
        "deadline": 25,
        "completed_at": null,
        "_submittable": null,
        "_submittable_ctype": null
    }
},
{
    "model": "events.deadlinetask",
    "pk": 143,
    "fields": {
        "actor_type": [
            "game",
            "parliamentgroup"
        ],
        "actor_id": 11,
        "deadline": 25,
        "completed_at": null,
        "_submittable": null,
        "_submittable_ctype": null
    }
},
{
    "model": "events.deadlinetask",
    "pk": 144,
    "fields": {
        "actor_type": [
            "game",
            "country"
        ],
        "actor_id": 6,
        "deadline": 26,
        "completed_at": null,
        "_submittable": null,
        "_submittable_ctype": null
    }
},
{
    "model": "events.deadlinetask",
    "pk": 145,
    "fields": {
        "actor_type": [
            "game",
            "country"
        ],
        "actor_id": 7,
        "deadline": 26,
        "completed_at": null,
        "_submittable": null,
        "_submittable_ctype": null
    }
},
{
    "model": "events.deadlinetask",
    "pk": 146,
    "fields": {
        "actor_type": [
            "game",
            "country"
        ],
        "actor_id": 5,
        "deadline": 26,
        "completed_at": null,
        "_submittable": null,
        "_submittable_ctype": null
    }
},
{
    "model": "events.deadlinetask",
    "pk": 147,
    "fields": {
        "actor_type": [
            "game",
            "country"
        ],
        "actor_id": 3,
        "deadline": 26,
        "completed_at": null,
        "_submittable": null,
        "_submittable_ctype": null
    }
},
{
    "model": "events.deadlinetask",
    "pk": 148,
    "fields": {
        "actor_type": [
            "game",
            "country"
        ],
        "actor_id": 4,
        "deadline": 26,
        "completed_at": null,
        "_submittable": null,
        "_submittable_ctype": null
    }
},
{
    "model": "events.deadlinetask",
    "pk": 149,
    "fields": {
        "actor_type": [
            "game",
            "country"
        ],
        "actor_id": 13,
        "deadline": 26,
        "completed_at": null,
        "_submittable": null,
        "_submittable_ctype": null
    }
},
{
    "model": "events.deadlinetask",
    "pk": 150,
    "fields": {
        "actor_type": [
            "game",
            "country"
        ],
        "actor_id": 12,
        "deadline": 26,
        "completed_at": null,
        "_submittable": null,
        "_submittable_ctype": null
    }
}
]
